Holiday,Date
Nowy Rok,2026-01-01
Trzech Króli,2026-01-06
Wielkanoc – 1 dzień świąt Wielkanocnych,2026-04-05
Lany Poniedziałek – 2 dzień świąt Wielkanocnych,2026-04-06
1 Maja – Święto Pracy,2026-05-01
Święto Konstytucji 3 Maja,2026-05-03
Zesłanie Ducha Świętego,2026-05-24
Boże Ciało,2026-06-04
Wniebowzięcie NMP,2026-08-15
Dzień Wszystkich Świętych,2026-11-01
Narodowe Święto Niepodległości,2026-11-11
Wigilia Bożego Narodzenia,2026-12-24
Boże Narodzenie – pierwszy dzień świąt,2026-12-25
Boże Narodzenie – drugi dzień świąt,2026-12-26
Nowy Rok,2027-01-01
Trzech Króli,2027-01-06
Wielkanoc – 1 dzień świąt Wielkanocnych,2027-03-28
Lany Poniedziałek – 2 dzień świąt Wielkanocnych,2027-03-29
1 Maja – Święto Pracy,2027-05-01
Święto Konstytucji 3 Maja,2027-05-03
Zesłanie Ducha Świętego,2027-05-16
Boże Ciało,2027-05-27
Wniebowzięcie NMP,2027-08-15
Dzień Wszystkich Świętych,2027-11-01
Narodowe Święto Niepodległości,2027-11-11
Wigilia Bożego Narodzenia,2027-12-24
Boże Narodzenie – pierwszy dzień świąt,2027-12-25
Boże Narodzenie – drugi dzień świąt,2027-12-26
Nowy Rok,2028-01-01
Trzech Króli,2028-01-06
Wielkanoc – 1 dzień świąt Wielkanocnych,2028-04-16
Lany Poniedziałek – 2 dzień świąt Wielkanocnych,2028-04-17
1 Maja – Święto Pracy,2028-05-01
Święto Konstytucji 3 Maja,2028-05-03
Zesłanie Ducha Świętego,2028-06-04
Boże Ciało,2028-06-15
Wniebowzięcie NMP,2028-08-15
Dzień Wszystkich Świętych,2028-11-01
Narodowe Święto Niepodległości,2028-11-11
Wigilia Bożego Narodzenia,2028-12-24
Boże Narodzenie – pierwszy dzień świąt,2028-12-25
Boże Narodzenie – drugi dzień świąt,2028-12-26
Nowy Rok,2029-01-01
Trzech Króli,2029-01-06
Wielkanoc – 1 dzień świąt Wielkanocnych,2029-04-01
Lany Poniedziałek – 2 dzień świąt Wielkanocnych,2029-04-02
1 Maja – Święto Pracy,2029-05-01
Święto Konstytucji 3 Maja,2029-05-03
Zesłanie Ducha Świętego,2029-05-20
Boże Ciało,2029-05-31
Wniebowzięcie NMP,2029-08-15
Dzień Wszystkich Świętych,2029-11-01
Narodowe Święto Niepodległości,2029-11-11
Wigilia Bożego Narodzenia,2029-12-24
Boże Narodzenie – pierwszy dzień świąt,2029-12-25
Boże Narodzenie – drugi dzień świąt,2029-12-26
Nowy Rok,2030-01-01
Trzech Króli,2030-01-06
Wielkanoc – 1 dzień świąt Wielkanocnych,2030-04-21
Lany Poniedziałek – 2 dzień świąt Wielkanocnych,2030-04-22
1 Maja – Święto Pracy,2030-05-01
Święto Konstytucji 3 Maja,2030-05-03
Zesłanie Ducha Świętego,2030-06-09
Boże Ciało,2030-06-20
Wniebowzięcie NMP,2030-08-15
Dzień Wszystkich Świętych,2030-11-01
Narodowe Święto Niepodległości,2030-11-11
Wigilia Bożego Narodzenia,2030-12-24
Boże Narodzenie – pierwszy dzień świąt,2030-12-25
Boże Narodzenie – drugi dzień świąt,2030-12-26
Nowy Rok,2031-01-01
Trzech Króli,2031-01-06
Wielkanoc – 1 dzień świąt Wielkanocnych,2031-04-13
Lany Poniedziałek – 2 dzień świąt Wielkanocnych,2031-04-14
1 Maja – Święto Pracy,2031-05-01
Święto Konstytucji 3 Maja,2031-05-03
Zesłanie Ducha Świętego,2031-06-01
Boże Ciało,2031-06-12
Wniebowzięcie NMP,2031-08-15
Dzień Wszystkich Świętych,2031-11-01
Narodowe Święto Niepodległości,2031-11-11
Wigilia Bożego Narodzenia,2031-12-24
Boże Narodzenie – pierwszy dzień świąt,2031-12-25
Boże Narodzenie – drugi dzień świąt,2031-12-26
Nowy Rok,2032-01-01
Trzech Króli,2032-01-06
Wielkanoc – 1 dzień świąt Wielkanocnych,2032-03-28
Lany Poniedziałek – 2 dzień świąt Wielkanocnych,2032-03-29
1 Maja – Święto Pracy,2032-05-01
Święto Konstytucji 3 Maja,2032-05-03
Zesłanie Ducha Świętego,2032-05-16
Boże Ciało,2032-05-27
Wniebowzięcie NMP,2032-08-15
Dzień Wszystkich Świętych,2032-11-01
Narodowe Święto Niepodległości,2032-11-11
Wigilia Bożego Narodzenia,2032-12-24
Boże Narodzenie – pierwszy dzień świąt,2032-12-25
Boże Narodzenie – drugi dzień świąt,2032-12-26
Nowy Rok,2033-01-01
Trzech Króli,2033-01-06
Wielkanoc – 1 dzień świąt Wielkanocnych,2033-04-17
Lany Poniedziałek – 2 dzień świąt Wielkanocnych,2033-04-18
1 Maja – Święto Pracy,2033-05-01
Święto Konstytucji 3 Maja,2033-05-03
Zesłanie Ducha Świętego,2033-06-05
Boże Ciało,2033-06-16
Wniebowzięcie NMP,2033-08-15
Dzień Wszystkich Świętych,2033-11-01
Narodowe Święto Niepodległości,2033-11-11
Wigilia Bożego Narodzenia,2033-12-24
Boże Narodzenie – pierwszy dzień świąt,2033-12-25
Boże Narodzenie – drugi dzień świąt,2033-12-26
Nowy Rok,2034-01-01
Trzech Króli,2034-01-06
Wielkanoc – 1 dzień świąt Wielkanocnych,2034-04-09
Lany Poniedziałek – 2 dzień świąt Wielkanocnych,2034-04-10
1 Maja – Święto Pracy,2034-05-01
Święto Konstytucji 3 Maja,2034-05-03
Zesłanie Ducha Świętego,2034-05-28
Boże Ciało,2034-06-08
Wniebowzięcie NMP,2034-08-15
Dzień Wszystkich Świętych,2034-11-01
Narodowe Święto Niepodległości,2034-11-11
Wigilia Bożego Narodzenia,2034-12-24
Boże Narodzenie – pierwszy dzień świąt,2034-12-25
Boże Narodzenie – drugi dzień świąt,2034-12-26
Nowy Rok,2035-01-01
Trzech Króli,2035-01-06
Wielkanoc – 1 dzień świąt Wielkanocnych,2035-03-25
Lany Poniedziałek – 2 dzień świąt Wielkanocnych,2035-03-26
1 Maja – Święto Pracy,2035-05-01
Święto Konstytucji 3 Maja,2035-05-03
Zesłanie Ducha Świętego,2035-05-13
Boże Ciało,2035-05-24
Wniebowzięcie NMP,2035-08-15
Dzień Wszystkich Świętych,2035-11-01
Narodowe Święto Niepodległości,2035-11-11
Wigilia Bożego Narodzenia,2035-12-24
Boże Narodzenie – pierwszy dzień świąt,2035-12-25
Boże Narodzenie – drugi dzień świąt,2035-12-26
Nowy Rok,2036-01-01
Trzech Króli,2036-01-06
Wielkanoc – 1 dzień świąt Wielkanocnych,2036-04-13
Lany Poniedziałek – 2 dzień świąt Wielkanocnych,2036-04-14
1 Maja – Święto Pracy,2036-05-01
Święto Konstytucji 3 Maja,2036-05-03
Zesłanie Ducha Świętego,2036-06-01
Boże Ciało,2036-06-12
Wniebowzięcie NMP,2036-08-15
Dzień Wszystkich Świętych,2036-11-01
Narodowe Święto Niepodległości,2036-11-11
Wigilia Bożego Narodzenia,2036-12-24
Boże Narodzenie – pierwszy dzień świąt,2036-12-25
Boże Narodzenie – drugi dzień świąt,2036-12-26
Nowy Rok,2037-01-01
Trzech Króli,2037-01-06
Wielkanoc – 1 dzień świąt Wielkanocnych,2037-04-05
Lany Poniedziałek – 2 dzień świąt Wielkanocnych,2037-04-06
1 Maja – Święto Pracy,2037-05-01
Święto Konstytucji 3 Maja,2037-05-03
Zesłanie Ducha Świętego,2037-05-24
Boże Ciało,2037-06-04
Wniebowzięcie NMP,2037-08-15
Dzień Wszystkich Świętych,2037-11-01
Narodowe Święto Niepodległości,2037-11-11
Wigilia Bożego Narodzenia,2037-12-24
Boże Narodzenie – pierwszy dzień świąt,2037-12-25
Boże Narodzenie – drugi dzień świąt,2037-12-26
Nowy Rok,2038-01-01
Trzech Króli,2038-01-06
Wielkanoc – 1 dzień świąt Wielkanocnych,2038-04-25
Lany Poniedziałek – 2 dzień świąt Wielkanocnych,2038-04-26
1 Maja – Święto Pracy,2038-05-01
Święto Konstytucji 3 Maja,2038-05-03
Zesłanie Ducha Świętego,2038-06-13
Boże Ciało,2038-06-24
Wniebowzięcie NMP,2038-08-15
Dzień Wszystkich Świętych,2038-11-01
Narodowe Święto Niepodległości,2038-11-11
Wigilia Bożego Narodzenia,2038-12-24
Boże Narodzenie – pierwszy dzień świąt,2038-12-25
Boże Narodzenie – drugi dzień świąt,2038-12-26
Nowy Rok,2039-01-01
Trzech Króli,2039-01-06
Wielkanoc – 1 dzień świąt Wielkanocnych,2039-04-10
Lany Poniedziałek – 2 dzień świąt Wielkanocnych,2039-04-11
1 Maja – Święto Pracy,2039-05-01
Święto Konstytucji 3 Maja,2039-05-03
Zesłanie Ducha Świętego,2039-05-29
Boże Ciało,2039-06-09
Wniebowzięcie NMP,2039-08-15
Dzień Wszystkich Świętych,2039-11-01
Narodowe Święto Niepodległości,2039-11-11
Wigilia Bożego Narodzenia,2039-12-24
Boże Narodzenie – pierwszy dzień świąt,2039-12-25
Boże Narodzenie – drugi dzień świąt,2039-12-26
Nowy Rok,2040-01-01
Trzech Króli,2040-01-06
Wielkanoc – 1 dzień świąt Wielkanocnych,2040-04-01
Lany Poniedziałek – 2 dzień świąt Wielkanocnych,2040-04-02
1 Maja – Święto Pracy,2040-05-01
Święto Konstytucji 3 Maja,2040-05-03
Zesłanie Ducha Świętego,2040-05-20
Boże Ciało,2040-05-31
Wniebowzięcie NMP,2040-08-15
Dzień Wszystkich Świętych,2040-11-01
Narodowe Święto Niepodległości,2040-11-11
Wigilia Bożego Narodzenia,2040-12-24
Boże Narodzenie – pierwszy dzień świąt,2040-12-25
Boże Narodzenie – drugi dzień świąt,2040-12-26
Nowy Rok,2041-01-01
Trzech Króli,2041-01-06
Wielkanoc – 1 dzień świąt Wielkanocnych,2041-04-21
Lany Poniedziałek – 2 dzień świąt Wielkanocnych,2041-04-22
1 Maja – Święto Pracy,2041-05-01
Święto Konstytucji 3 Maja,2041-05-03
Zesłanie Ducha Świętego,2041-06-09
Boże Ciało,2041-06-20
Wniebowzięcie NMP,2041-08-15
Dzień Wszystkich Świętych,2041-11-01
Narodowe Święto Niepodległości,2041-11-11
Wigilia Bożego Narodzenia,2041-12-24
Boże Narodzenie – pierwszy dzień świąt,2041-12-25
Boże Narodzenie – drugi dzień świąt,2041-12-26
Nowy Rok,2042-01-01
Trzech Króli,2042-01-06
Wielkanoc – 1 dzień świąt Wielkanocnych,2042-04-06
Lany Poniedziałek – 2 dzień świąt Wielkanocnych,2042-04-07
1 Maja – Święto Pracy,2042-05-01
Święto Konstytucji 3 Maja,2042-05-03
Zesłanie Ducha Świętego,2042-05-25
Boże Ciało,2042-06-05
Wniebowzięcie NMP,2042-08-15
Dzień Wszystkich Świętych,2042-11-01
Narodowe Święto Niepodległości,2042-11-11
Wigilia Bożego Narodzenia,2042-12-24
Boże Narodzenie – pierwszy dzień świąt,2042-12-25
Boże Narodzenie – drugi dzień świąt,2042-12-26
Nowy Rok,2043-01-01
Trzech Króli,2043-01-06
Wielkanoc – 1 dzień świąt Wielkanocnych,2043-03-29
Lany Poniedziałek – 2 dzień świąt Wielkanocnych,2043-03-30
1 Maja – Święto Pracy,2043-05-01
Święto Konstytucji 3 Maja,2043-05-03
Zesłanie Ducha Świętego,2043-05-17
Boże Ciało,2043-05-28
Wniebowzięcie NMP,2043-08-15
Dzień Wszystkich Świętych,2043-11-01
Narodowe Święto Niepodległości,2043-11-11
Wigilia Bożego Narodzenia,2043-12-24
Boże Narodzenie – pierwszy dzień świąt,2043-12-25
Boże Narodzenie – drugi dzień świąt,2043-12-26
Nowy Rok,2044-01-01
Trzech Króli,2044-01-06
Wielkanoc – 1 dzień świąt Wielkanocnych,2044-04-17
Lany Poniedziałek – 2 dzień świąt Wielkanocnych,2044-04-18
1 Maja – Święto Pracy,2044-05-01
Święto Konstytucji 3 Maja,2044-05-03
Zesłanie Ducha Świętego,2044-06-05
Boże Ciało,2044-06-16
Wniebowzięcie NMP,2044-08-15
Dzień Wszystkich Świętych,2044-11-01
Narodowe Święto Niepodległości,2044-11-11
Wigilia Bożego Narodzenia,2044-12-24
Boże Narodzenie – pierwszy dzień świąt,2044-12-25
Boże Narodzenie – drugi dzień świąt,2044-12-26
Nowy Rok,2045-01-01
Trzech Króli,2045-01-06
Wielkanoc – 1 dzień świąt Wielkanocnych,2045-04-09
Lany Poniedziałek – 2 dzień świąt Wielkanocnych,2045-04-10
1 Maja – Święto Pracy,2045-05-01
Święto Konstytucji 3 Maja,2045-05-03
Zesłanie Ducha Świętego,2045-05-28
Boże Ciało,2045-06-08
Wniebowzięcie NMP,2045-08-15
Dzień Wszystkich Świętych,2045-11-01
Narodowe Święto Niepodległości,2045-11-11
Wigilia Bożego Narodzenia,2045-12-24
Boże Narodzenie – pierwszy dzień świąt,2045-12-25
Boże Narodzenie – drugi dzień świąt,2045-12-26
Nowy Rok,2046-01-01
Trzech Króli,2046-01-06
Wielkanoc – 1 dzień świąt Wielkanocnych,2046-03-25
Lany Poniedziałek – 2 dzień świąt Wielkanocnych,2046-03-26
1 Maja – Święto Pracy,2046-05-01
Święto Konstytucji 3 Maja,2046-05-03
Zesłanie Ducha Świętego,2046-05-13
Boże Ciało,2046-05-24
Wniebowzięcie NMP,2046-08-15
Dzień Wszystkich Świętych,2046-11-01
Narodowe Święto Niepodległości,2046-11-11
Wigilia Bożego Narodzenia,2046-12-24
Boże Narodzenie – pierwszy dzień świąt,2046-12-25
Boże Narodzenie – drugi dzień świąt,2046-12-26
Nowy Rok,2047-01-01
Trzech Króli,2047-01-06
Wielkanoc – 1 dzień świąt Wielkanocnych,2047-04-14
Lany Poniedziałek – 2 dzień świąt Wielkanocnych,2047-04-15
1 Maja – Święto Pracy,2047-05-01
Święto Konstytucji 3 Maja,2047-05-03
Zesłanie Ducha Świętego,2047-06-02
Boże Ciało,2047-06-13
Wniebowzięcie NMP,2047-08-15
Dzień Wszystkich Świętych,2047-11-01
Narodowe Święto Niepodległości,2047-11-11
Wigilia Bożego Narodzenia,2047-12-24
Boże Narodzenie – pierwszy dzień świąt,2047-12-25
Boże Narodzenie – drugi dzień świąt,2047-12-26
Nowy Rok,2048-01-01
Trzech Króli,2048-01-06
Wielkanoc – 1 dzień świąt Wielkanocnych,2048-04-05
Lany Poniedziałek – 2 dzień świąt Wielkanocnych,2048-04-06
1 Maja – Święto Pracy,2048-05-01
Święto Konstytucji 3 Maja,2048-05-03
Zesłanie Ducha Świętego,2048-05-24
Boże Ciało,2048-06-04
Wniebowzięcie NMP,2048-08-15
Dzień Wszystkich Świętych,2048-11-01
Narodowe Święto Niepodległości,2048-11-11
Wigilia Bożego Narodzenia,2048-12-24
Boże Narodzenie – pierwszy dzień świąt,2048-12-25
Boże Narodzenie – drugi dzień świąt,2048-12-26
Nowy Rok,2049-01-01
Trzech Króli,2049-01-06
Wielkanoc – 1 dzień świąt Wielkanocnych,2049-04-18
Lany Poniedziałek – 2 dzień świąt Wielkanocnych,2049-04-19
1 Maja – Święto Pracy,2049-05-01
Święto Konstytucji 3 Maja,2049-05-03
Zesłanie Ducha Świętego,2049-06-06
Boże Ciało,2049-06-17
Wniebowzięcie NMP,2049-08-15
Dzień Wszystkich Świętych,2049-11-01
Narodowe Święto Niepodległości,2049-11-11
Wigilia Bożego Narodzenia,2049-12-24
Boże Narodzenie – pierwszy dzień świąt,2049-12-25
Boże Narodzenie – drugi dzień świąt,2049-12-26
Nowy Rok,2050-01-01
Trzech Króli,2050-01-06
Wielkanoc – 1 dzień świąt Wielkanocnych,2050-04-10
Lany Poniedziałek – 2 dzień świąt Wielkanocnych,2050-04-11
1 Maja – Święto Pracy,2050-05-01
Święto Konstytucji 3 Maja,2050-05-03
Zesłanie Ducha Świętego,2050-05-29
Boże Ciało,2050-06-09
Wniebowzięcie NMP,2050-08-15
Dzień Wszystkich Świętych,2050-11-01
Narodowe Święto Niepodległości,2050-11-11
Wigilia Bożego Narodzenia,2050-12-24
Boże Narodzenie – pierwszy dzień świąt,2050-12-25
Boże Narodzenie – drugi dzień świąt,2050-12-26
Nowy Rok,2051-01-01
Trzech Króli,2051-01-06
Wielkanoc – 1 dzień świąt Wielkanocnych,2051-04-02
Lany Poniedziałek – 2 dzień świąt Wielkanocnych,2051-04-03
1 Maja – Święto Pracy,2051-05-01
Święto Konstytucji 3 Maja,2051-05-03
Zesłanie Ducha Świętego,2051-05-21
Boże Ciało,2051-06-01
Wniebowzięcie NMP,2051-08-15
Dzień Wszystkich Świętych,2051-11-01
Narodowe Święto Niepodległości,2051-11-11
Wigilia Bożego Narodzenia,2051-12-24
Boże Narodzenie – pierwszy dzień świąt,2051-12-25
Boże Narodzenie – drugi dzień świąt,2051-12-26
Nowy Rok,2052-01-01
Trzech Króli,2052-01-06
Wielkanoc – 1 dzień świąt Wielkanocnych,2052-04-21
Lany Poniedziałek – 2 dzień świąt Wielkanocnych,2052-04-22
1 Maja – Święto Pracy,2052-05-01
Święto Konstytucji 3 Maja,2052-05-03
Zesłanie Ducha Świętego,2052-06-09
Boże Ciało,2052-06-20
Wniebowzięcie NMP,2052-08-15
Dzień Wszystkich Świętych,2052-11-01
Narodowe Święto Niepodległości,2052-11-11
Wigilia Bożego Narodzenia,2052-12-24
Boże Narodzenie – pierwszy dzień świąt,2052-12-25
Boże Narodzenie – drugi dzień świąt,2052-12-26
Nowy Rok,2053-01-01
Trzech Króli,2053-01-06
Wielkanoc – 1 dzień świąt Wielkanocnych,2053-04-06
Lany Poniedziałek – 2 dzień świąt Wielkanocnych,2053-04-07
1 Maja – Święto Pracy,2053-05-01
Święto Konstytucji 3 Maja,2053-05-03
Zesłanie Ducha Świętego,2053-05-25
Boże Ciało,2053-06-05
Wniebowzięcie NMP,2053-08-15
Dzień Wszystkich Świętych,2053-11-01
Narodowe Święto Niepodległości,2053-11-11
Wigilia Bożego Narodzenia,2053-12-24
Boże Narodzenie – pierwszy dzień świąt,2053-12-25
Boże Narodzenie – drugi dzień świąt,2053-12-26
Nowy Rok,2054-01-01
Trzech Króli,2054-01-06
Wielkanoc – 1 dzień świąt Wielkanocnych,2054-03-29
Lany Poniedziałek – 2 dzień świąt Wielkanocnych,2054-03-30
1 Maja – Święto Pracy,2054-05-01
Święto Konstytucji 3 Maja,2054-05-03
Zesłanie Ducha Świętego,2054-05-17
Boże Ciało,2054-05-28
Wniebowzięcie NMP,2054-08-15
Dzień Wszystkich Świętych,2054-11-01
Narodowe Święto Niepodległości,2054-11-11
Wigilia Bożego Narodzenia,2054-12-24
Boże Narodzenie – pierwszy dzień świąt,2054-12-25
Boże Narodzenie – drugi dzień świąt,2054-12-26
Nowy Rok,2055-01-01
Trzech Króli,2055-01-06
Wielkanoc – 1 dzień świąt Wielkanocnych,2055-04-18
Lany Poniedziałek – 2 dzień świąt Wielkanocnych,2055-04-19
1 Maja – Święto Pracy,2055-05-01
Święto Konstytucji 3 Maja,2055-05-03
Zesłanie Ducha Świętego,2055-06-06
Boże Ciało,2055-06-17
Wniebowzięcie NMP,2055-08-15
Dzień Wszystkich Świętych,2055-11-01
Narodowe Święto Niepodległości,2055-11-11
Wigilia Bożego Narodzenia,2055-12-24
Boże Narodzenie – pierwszy dzień świąt,2055-12-25
Boże Narodzenie – drugi dzień świąt,2055-12-26
Nowy Rok,2056-01-01
Trzech Króli,2056-01-06
Wielkanoc – 1 dzień świąt Wielkanocnych,2056-04-02
Lany Poniedziałek – 2 dzień świąt Wielkanocnych,2056-04-03
1 Maja – Święto Pracy,2056-05-01
Święto Konstytucji 3 Maja,2056-05-03
Zesłanie Ducha Świętego,2056-05-21
Boże Ciało,2056-06-01
Wniebowzięcie NMP,2056-08-15
Dzień Wszystkich Świętych,2056-11-01
Narodowe Święto Niepodległości,2056-11-11
Wigilia Bożego Narodzenia,2056-12-24
Boże Narodzenie – pierwszy dzień świąt,2056-12-25
Boże Narodzenie – drugi dzień świąt,2056-12-26
Nowy Rok,2057-01-01
Trzech Króli,2057-01-06
Wielkanoc – 1 dzień świąt Wielkanocnych,2057-04-22
Lany Poniedziałek – 2 dzień świąt Wielkanocnych,2057-04-23
1 Maja – Święto Pracy,2057-05-01
Święto Konstytucji 3 Maja,2057-05-03
Zesłanie Ducha Świętego,2057-06-10
Boże Ciało,2057-06-21
Wniebowzięcie NMP,2057-08-15
Dzień Wszystkich Świętych,2057-11-01
Narodowe Święto Niepodległości,2057-11-11
Wigilia Bożego Narodzenia,2057-12-24
Boże Narodzenie – pierwszy dzień świąt,2057-12-25
Boże Narodzenie – drugi dzień świąt,2057-12-26
Nowy Rok,2058-01-01
Trzech Króli,2058-01-06
Wielkanoc – 1 dzień świąt Wielkanocnych,2058-04-14
Lany Poniedziałek – 2 dzień świąt Wielkanocnych,2058-04-15
1 Maja – Święto Pracy,2058-05-01
Święto Konstytucji 3 Maja,2058-05-03
Zesłanie Ducha Świętego,2058-06-02
Boże Ciało,2058-06-13
Wniebowzięcie NMP,2058-08-15
Dzień Wszystkich Świętych,2058-11-01
Narodowe Święto Niepodległości,2058-11-11
Wigilia Bożego Narodzenia,2058-12-24
Boże Narodzenie – pierwszy dzień świąt,2058-12-25
Boże Narodzenie – drugi dzień świąt,2058-12-26
Nowy Rok,2059-01-01
Trzech Króli,2059-01-06
Wielkanoc – 1 dzień świąt Wielkanocnych,2059-03-30
Lany Poniedziałek – 2 dzień świąt Wielkanocnych,2059-03-31
1 Maja – Święto Pracy,2059-05-01
Święto Konstytucji 3 Maja,2059-05-03
Zesłanie Ducha Świętego,2059-05-18
Boże Ciało,2059-05-29
Wniebowzięcie NMP,2059-08-15
Dzień Wszystkich Świętych,2059-11-01
Narodowe Święto Niepodległości,2059-11-11
Wigilia Bożego Narodzenia,2059-12-24
Boże Narodzenie – pierwszy dzień świąt,2059-12-25
Boże Narodzenie – drugi dzień świąt,2059-12-26
Nowy Rok,2060-01-01
Trzech Króli,2060-01-06
Wielkanoc – 1 dzień świąt Wielkanocnych,2060-04-18
Lany Poniedziałek – 2 dzień świąt Wielkanocnych,2060-04-19
1 Maja – Święto Pracy,2060-05-01
Święto Konstytucji 3 Maja,2060-05-03
Zesłanie Ducha Świętego,2060-06-06
Boże Ciało,2060-06-17
Wniebowzięcie NMP,2060-08-15
Dzień Wszystkich Świętych,2060-11-01
Narodowe Święto Niepodległości,2060-11-11
Wigilia Bożego Narodzenia,2060-12-24
Boże Narodzenie – pierwszy dzień świąt,2060-12-25
Boże Narodzenie – drugi dzień świąt,2060-12-26
Nowy Rok,2061-01-01
Trzech Króli,2061-01-06
Wielkanoc – 1 dzień świąt Wielkanocnych,2061-04-10
Lany Poniedziałek – 2 dzień świąt Wielkanocnych,2061-04-11
1 Maja – Święto Pracy,2061-05-01
Święto Konstytucji 3 Maja,2061-05-03
Zesłanie Ducha Świętego,2061-05-29
Boże Ciało,2061-06-09
Wniebowzięcie NMP,2061-08-15
Dzień Wszystkich Świętych,2061-11-01
Narodowe Święto Niepodległości,2061-11-11
Wigilia Bożego Narodzenia,2061-12-24
Boże Narodzenie – pierwszy dzień świąt,2061-12-25
Boże Narodzenie – drugi dzień świąt,2061-12-26
Nowy Rok,2062-01-01
Trzech Króli,2062-01-06
Wielkanoc – 1 dzień świąt Wielkanocnych,2062-03-26
Lany Poniedziałek – 2 dzień świąt Wielkanocnych,2062-03-27
1 Maja – Święto Pracy,2062-05-01
Święto Konstytucji 3 Maja,2062-05-03
Zesłanie Ducha Świętego,2062-05-14
Boże Ciało,2062-05-25
Wniebowzięcie NMP,2062-08-15
Dzień Wszystkich Świętych,2062-11-01
Narodowe Święto Niepodległości,2062-11-11
Wigilia Bożego Narodzenia,2062-12-24
Boże Narodzenie – pierwszy dzień świąt,2062-12-25
Boże Narodzenie – drugi dzień świąt,2062-12-26
Nowy Rok,2063-01-01
Trzech Króli,2063-01-06
Wielkanoc – 1 dzień świąt Wielkanocnych,2063-04-15
Lany Poniedziałek – 2 dzień świąt Wielkanocnych,2063-04-16
1 Maja – Święto Pracy,2063-05-01
Święto Konstytucji 3 Maja,2063-05-03
Zesłanie Ducha Świętego,2063-06-03
Boże Ciało,2063-06-14
Wniebowzięcie NMP,2063-08-15
Dzień Wszystkich Świętych,2063-11-01
Narodowe Święto Niepodległości,2063-11-11
Wigilia Bożego Narodzenia,2063-12-24
Boże Narodzenie – pierwszy dzień świąt,2063-12-25
Boże Narodzenie – drugi dzień świąt,2063-12-26
Nowy Rok,2064-01-01
Trzech Króli,2064-01-06
Wielkanoc – 1 dzień świąt Wielkanocnych,2064-04-06
Lany Poniedziałek – 2 dzień świąt Wielkanocnych,2064-04-07
1 Maja – Święto Pracy,2064-05-01
Święto Konstytucji 3 Maja,2064-05-03
Zesłanie Ducha Świętego,2064-05-25
Boże Ciało,2064-06-05
Wniebowzięcie NMP,2064-08-15
Dzień Wszystkich Świętych,2064-11-01
Narodowe Święto Niepodległości,2064-11-11
Wigilia Bożego Narodzenia,2064-12-24
Boże Narodzenie – pierwszy dzień świąt,2064-12-25
Boże Narodzenie – drugi dzień świąt,2064-12-26
Nowy Rok,2065-01-01
Trzech Króli,2065-01-06
Wielkanoc – 1 dzień świąt Wielkanocnych,2065-03-29
Lany Poniedziałek – 2 dzień świąt Wielkanocnych,2065-03-30
1 Maja – Święto Pracy,2065-05-01
Święto Konstytucji 3 Maja,2065-05-03
Zesłanie Ducha Świętego,2065-05-17
Boże Ciało,2065-05-28
Wniebowzięcie NMP,2065-08-15
Dzień Wszystkich Świętych,2065-11-01
Narodowe Święto Niepodległości,2065-11-11
Wigilia Bożego Narodzenia,2065-12-24
Boże Narodzenie – pierwszy dzień świąt,2065-12-25
Boże Narodzenie – drugi dzień świąt,2065-12-26
Nowy Rok,2066-01-01
Trzech Króli,2066-01-06
Wielkanoc – 1 dzień świąt Wielkanocnych,2066-04-11
Lany Poniedziałek – 2 dzień świąt Wielkanocnych,2066-04-12
1 Maja – Święto Pracy,2066-05-01
Święto Konstytucji 3 Maja,2066-05-03
Zesłanie Ducha Świętego,2066-05-30
Boże Ciało,2066-06-10
Wniebowzięcie NMP,2066-08-15
Dzień Wszystkich Świętych,2066-11-01
Narodowe Święto Niepodległości,2066-11-11
Wigilia Bożego Narodzenia,2066-12-24
Boże Narodzenie – pierwszy dzień świąt,2066-12-25
Boże Narodzenie – drugi dzień świąt,2066-12-26
Nowy Rok,2067-01-01
Trzech Króli,2067-01-06
Wielkanoc – 1 dzień świąt Wielkanocnych,2067-04-03
Lany Poniedziałek – 2 dzień świąt Wielkanocnych,2067-04-04
1 Maja – Święto Pracy,2067-05-01
Święto Konstytucji 3 Maja,2067-05-03
Zesłanie Ducha Świętego,2067-05-22
Boże Ciało,2067-06-02
Wniebowzięcie NMP,2067-08-15
Dzień Wszystkich Świętych,2067-11-01
Narodowe Święto Niepodległości,2067-11-11
Wigilia Bożego Narodzenia,2067-12-24
Boże Narodzenie – pierwszy dzień świąt,2067-12-25
Boże Narodzenie – drugi dzień świąt,2067-12-26
Nowy Rok,2068-01-01
Trzech Króli,2068-01-06
Wielkanoc – 1 dzień świąt Wielkanocnych,2068-04-22
Lany Poniedziałek – 2 dzień świąt Wielkanocnych,2068-04-23
1 Maja – Święto Pracy,2068-05-01
Święto Konstytucji 3 Maja,2068-05-03
Zesłanie Ducha Świętego,2068-06-10
Boże Ciało,2068-06-21
Wniebowzięcie NMP,2068-08-15
Dzień Wszystkich Świętych,2068-11-01
Narodowe Święto Niepodległości,2068-11-11
Wigilia Bożego Narodzenia,2068-12-24
Boże Narodzenie – pierwszy dzień świąt,2068-12-25
Boże Narodzenie – drugi dzień świąt,2068-12-26
Nowy Rok,2069-01-01
Trzech Króli,2069-01-06
Wielkanoc – 1 dzień świąt Wielkanocnych,2069-04-14
Lany Poniedziałek – 2 dzień świąt Wielkanocnych,2069-04-15
1 Maja – Święto Pracy,2069-05-01
Święto Konstytucji 3 Maja,2069-05-03
Zesłanie Ducha Świętego,2069-06-02
Boże Ciało,2069-06-13
Wniebowzięcie NMP,2069-08-15
Dzień Wszystkich Świętych,2069-11-01
Narodowe Święto Niepodległości,2069-11-11
Wigilia Bożego Narodzenia,2069-12-24
Boże Narodzenie – pierwszy dzień świąt,2069-12-25
Boże Narodzenie – drugi dzień świąt,2069-12-26
Nowy Rok,2070-01-01
Trzech Króli,2070-01-06
Wielkanoc – 1 dzień świąt Wielkanocnych,2070-03-30
Lany Poniedziałek – 2 dzień świąt Wielkanocnych,2070-03-31
1 Maja – Święto Pracy,2070-05-01
Święto Konstytucji 3 Maja,2070-05-03
Zesłanie Ducha Świętego,2070-05-18
Boże Ciało,2070-05-29
Wniebowzięcie NMP,2070-08-15
Dzień Wszystkich Świętych,2070-11-01
Narodowe Święto Niepodległości,2070-11-11
Wigilia Bożego Narodzenia,2070-12-24
Boże Narodzenie – pierwszy dzień świąt,2070-12-25
Boże Narodzenie – drugi dzień świąt,2070-12-26
Nowy Rok,2071-01-01
Trzech Króli,2071-01-06
Wielkanoc – 1 dzień świąt Wielkanocnych,2071-04-19
Lany Poniedziałek – 2 dzień świąt Wielkanocnych,2071-04-20
1 Maja – Święto Pracy,2071-05-01
Święto Konstytucji 3 Maja,2071-05-03
Zesłanie Ducha Świętego,2071-06-07
Boże Ciało,2071-06-18
Wniebowzięcie NMP,2071-08-15
Dzień Wszystkich Świętych,2071-11-01
Narodowe Święto Niepodległości,2071-11-11
Wigilia Bożego Narodzenia,2071-12-24
Boże Narodzenie – pierwszy dzień świąt,2071-12-25
Boże Narodzenie – drugi dzień świąt,2071-12-26
Nowy Rok,2072-01-01
Trzech Króli,2072-01-06
Wielkanoc – 1 dzień świąt Wielkanocnych,2072-04-10
Lany Poniedziałek – 2 dzień świąt Wielkanocnych,2072-04-11
1 Maja – Święto Pracy,2072-05-01
Święto Konstytucji 3 Maja,2072-05-03
Zesłanie Ducha Świętego,2072-05-29
Boże Ciało,2072-06-09
Wniebowzięcie NMP,2072-08-15
Dzień Wszystkich Świętych,2072-11-01
Narodowe Święto Niepodległości,2072-11-11
Wigilia Bożego Narodzenia,2072-12-24
Boże Narodzenie – pierwszy dzień świąt,2072-12-25
Boże Narodzenie – drugi dzień świąt,2072-12-26
Nowy Rok,2073-01-01
Trzech Króli,2073-01-06
Wielkanoc – 1 dzień świąt Wielkanocnych,2073-03-26
Lany Poniedziałek – 2 dzień świąt Wielkanocnych,2073-03-27
1 Maja – Święto Pracy,2073-05-01
Święto Konstytucji 3 Maja,2073-05-03
Zesłanie Ducha Świętego,2073-05-14
Boże Ciało,2073-05-25
Wniebowzięcie NMP,2073-08-15
Dzień Wszystkich Świętych,2073-11-01
Narodowe Święto Niepodległości,2073-11-11
Wigilia Bożego Narodzenia,2073-12-24
Boże Narodzenie – pierwszy dzień świąt,2073-12-25
Boże Narodzenie – drugi dzień świąt,2073-12-26
Nowy Rok,2074-01-01
Trzech Króli,2074-01-06
Wielkanoc – 1 dzień świąt Wielkanocnych,2074-04-15
Lany Poniedziałek – 2 dzień świąt Wielkanocnych,2074-04-16
1 Maja – Święto Pracy,2074-05-01
Święto Konstytucji 3 Maja,2074-05-03
Zesłanie Ducha Świętego,2074-06-03
Boże Ciało,2074-06-14
Wniebowzięcie NMP,2074-08-15
Dzień Wszystkich Świętych,2074-11-01
Narodowe Święto Niepodległości,2074-11-11
Wigilia Bożego Narodzenia,2074-12-24
Boże Narodzenie – pierwszy dzień świąt,2074-12-25
Boże Narodzenie – drugi dzień świąt,2074-12-26
Nowy Rok,2075-01-01
Trzech Króli,2075-01-06
Wielkanoc – 1 dzień świąt Wielkanocnych,2075-04-07
Lany Poniedziałek – 2 dzień świąt Wielkanocnych,2075-04-08
1 Maja – Święto Pracy,2075-05-01
Święto Konstytucji 3 Maja,2075-05-03
Zesłanie Ducha Świętego,2075-05-26
Boże Ciało,2075-06-06
Wniebowzięcie NMP,2075-08-15
Dzień Wszystkich Świętych,2075-11-01
Narodowe Święto Niepodległości,2075-11-11
Wigilia Bożego Narodzenia,2075-12-24
Boże Narodzenie – pierwszy dzień świąt,2075-12-25
Boże Narodzenie – drugi dzień świąt,2075-12-26
Nowy Rok,2076-01-01
Trzech Króli,2076-01-06
Wielkanoc – 1 dzień świąt Wielkanocnych,2076-04-19
Lany Poniedziałek – 2 dzień świąt Wielkanocnych,2076-04-20
1 Maja – Święto Pracy,2076-05-01
Święto Konstytucji 3 Maja,2076-05-03
Zesłanie Ducha Świętego,2076-06-07
Boże Ciało,2076-06-18
Wniebowzięcie NMP,2076-08-15
Dzień Wszystkich Świętych,2076-11-01
Narodowe Święto Niepodległości,2076-11-11
Wigilia Bożego Narodzenia,2076-12-24
Boże Narodzenie – pierwszy dzień świąt,2076-12-25
Boże Narodzenie – drugi dzień świąt,2076-12-26
Nowy Rok,2077-01-01
Trzech Króli,2077-01-06
Wielkanoc – 1 dzień świąt Wielkanocnych,2077-04-11
Lany Poniedziałek – 2 dzień świąt Wielkanocnych,2077-04-12
1 Maja – Święto Pracy,2077-05-01
Święto Konstytucji 3 Maja,2077-05-03
Zesłanie Ducha Świętego,2077-05-30
Boże Ciało,2077-06-10
Wniebowzięcie NMP,2077-08-15
Dzień Wszystkich Świętych,2077-11-01
Narodowe Święto Niepodległości,2077-11-11
Wigilia Bożego Narodzenia,2077-12-24
Boże Narodzenie – pierwszy dzień świąt,2077-12-25
Boże Narodzenie – drugi dzień świąt,2077-12-26
Nowy Rok,2078-01-01
Trzech Króli,2078-01-06
Wielkanoc – 1 dzień świąt Wielkanocnych,2078-04-03
Lany Poniedziałek – 2 dzień świąt Wielkanocnych,2078-04-04
1 Maja – Święto Pracy,2078-05-01
Święto Konstytucji 3 Maja,2078-05-03
Zesłanie Ducha Świętego,2078-05-22
Boże Ciało,2078-06-02
Wniebowzięcie NMP,2078-08-15
Dzień Wszystkich Świętych,2078-11-01
Narodowe Święto Niepodległości,2078-11-11
Wigilia Bożego Narodzenia,2078-12-24
Boże Narodzenie – pierwszy dzień świąt,2078-12-25
Boże Narodzenie – drugi dzień świąt,2078-12-26
Nowy Rok,2079-01-01
Trzech Króli,2079-01-06
Wielkanoc – 1 dzień świąt Wielkanocnych,2079-04-23
Lany Poniedziałek – 2 dzień świąt Wielkanocnych,2079-04-24
1 Maja – Święto Pracy,2079-05-01
Święto Konstytucji 3 Maja,2079-05-03
Zesłanie Ducha Świętego,2079-06-11
Boże Ciało,2079-06-22
Wniebowzięcie NMP,2079-08-15
Dzień Wszystkich Świętych,2079-11-01
Narodowe Święto Niepodległości,2079-11-11
Wigilia Bożego Narodzenia,2079-12-24
Boże Narodzenie – pierwszy dzień świąt,2079-12-25
Boże Narodzenie – drugi dzień świąt,2079-12-26
Nowy Rok,2080-01-01
Trzech Króli,2080-01-06
Wielkanoc – 1 dzień świąt Wielkanocnych,2080-04-07
Lany Poniedziałek – 2 dzień świąt Wielkanocnych,2080-04-08
1 Maja – Święto Pracy,2080-05-01
Święto Konstytucji 3 Maja,2080-05-03
Zesłanie Ducha Świętego,2080-05-26
Boże Ciało,2080-06-06
Wniebowzięcie NMP,2080-08-15
Dzień Wszystkich Świętych,2080-11-01
Narodowe Święto Niepodległości,2080-11-11
Wigilia Bożego Narodzenia,2080-12-24
Boże Narodzenie – pierwszy dzień świąt,2080-12-25
Boże Narodzenie – drugi dzień świąt,2080-12-26
Nowy Rok,2081-01-01
Trzech Króli,2081-01-06
Wielkanoc – 1 dzień świąt Wielkanocnych,2081-03-30
Lany Poniedziałek – 2 dzień świąt Wielkanocnych,2081-03-31
1 Maja – Święto Pracy,2081-05-01
Święto Konstytucji 3 Maja,2081-05-03
Zesłanie Ducha Świętego,2081-05-18
Boże Ciało,2081-05-29
Wniebowzięcie NMP,2081-08-15
Dzień Wszystkich Świętych,2081-11-01
Narodowe Święto Niepodległości,2081-11-11
Wigilia Bożego Narodzenia,2081-12-24
Boże Narodzenie – pierwszy dzień świąt,2081-12-25
Boże Narodzenie – drugi dzień świąt,2081-12-26
Nowy Rok,2082-01-01
Trzech Króli,2082-01-06
Wielkanoc – 1 dzień świąt Wielkanocnych,2082-04-19
Lany Poniedziałek – 2 dzień świąt Wielkanocnych,2082-04-20
1 Maja – Święto Pracy,2082-05-01
Święto Konstytucji 3 Maja,2082-05-03
Zesłanie Ducha Świętego,2082-06-07
Boże Ciało,2082-06-18
Wniebowzięcie NMP,2082-08-15
Dzień Wszystkich Świętych,2082-11-01
Narodowe Święto Niepodległości,2082-11-11
Wigilia Bożego Narodzenia,2082-12-24
Boże Narodzenie – pierwszy dzień świąt,2082-12-25
Boże Narodzenie – drugi dzień świąt,2082-12-26
Nowy Rok,2083-01-01
Trzech Króli,2083-01-06
Wielkanoc – 1 dzień świąt Wielkanocnych,2083-04-04
Lany Poniedziałek – 2 dzień świąt Wielkanocnych,2083-04-05
1 Maja – Święto Pracy,2083-05-01
Święto Konstytucji 3 Maja,2083-05-03
Zesłanie Ducha Świętego,2083-05-23
Boże Ciało,2083-06-03
Wniebowzięcie NMP,2083-08-15
Dzień Wszystkich Świętych,2083-11-01
Narodowe Święto Niepodległości,2083-11-11
Wigilia Bożego Narodzenia,2083-12-24
Boże Narodzenie – pierwszy dzień świąt,2083-12-25
Boże Narodzenie – drugi dzień świąt,2083-12-26
Nowy Rok,2084-01-01
Trzech Króli,2084-01-06
Wielkanoc – 1 dzień świąt Wielkanocnych,2084-03-26
Lany Poniedziałek – 2 dzień świąt Wielkanocnych,2084-03-27
1 Maja – Święto Pracy,2084-05-01
Święto Konstytucji 3 Maja,2084-05-03
Zesłanie Ducha Świętego,2084-05-14
Boże Ciało,2084-05-25
Wniebowzięcie NMP,2084-08-15
Dzień Wszystkich Świętych,2084-11-01
Narodowe Święto Niepodległości,2084-11-11
Wigilia Bożego Narodzenia,2084-12-24
Boże Narodzenie – pierwszy dzień świąt,2084-12-25
Boże Narodzenie – drugi dzień świąt,2084-12-26
Nowy Rok,2085-01-01
Trzech Króli,2085-01-06
Wielkanoc – 1 dzień świąt Wielkanocnych,2085-04-15
Lany Poniedziałek – 2 dzień świąt Wielkanocnych,2085-04-16
1 Maja – Święto Pracy,2085-05-01
Święto Konstytucji 3 Maja,2085-05-03
Zesłanie Ducha Świętego,2085-06-03
Boże Ciało,2085-06-14
Wniebowzięcie NMP,2085-08-15
Dzień Wszystkich Świętych,2085-11-01
Narodowe Święto Niepodległości,2085-11-11
Wigilia Bożego Narodzenia,2085-12-24
Boże Narodzenie – pierwszy dzień świąt,2085-12-25
Boże Narodzenie – drugi dzień świąt,2085-12-26
Nowy Rok,2086-01-01
Trzech Króli,2086-01-06
Wielkanoc – 1 dzień świąt Wielkanocnych,2086-03-31
Lany Poniedziałek – 2 dzień świąt Wielkanocnych,2086-04-01
1 Maja – Święto Pracy,2086-05-01
Święto Konstytucji 3 Maja,2086-05-03
Zesłanie Ducha Świętego,2086-05-19
Boże Ciało,2086-05-30
Wniebowzięcie NMP,2086-08-15
Dzień Wszystkich Świętych,2086-11-01
Narodowe Święto Niepodległości,2086-11-11
Wigilia Bożego Narodzenia,2086-12-24
Boże Narodzenie – pierwszy dzień świąt,2086-12-25
Boże Narodzenie – drugi dzień świąt,2086-12-26
Nowy Rok,2087-01-01
Trzech Króli,2087-01-06
Wielkanoc – 1 dzień świąt Wielkanocnych,2087-04-20
Lany Poniedziałek – 2 dzień świąt Wielkanocnych,2087-04-21
1 Maja – Święto Pracy,2087-05-01
Święto Konstytucji 3 Maja,2087-05-03
Zesłanie Ducha Świętego,2087-06-08
Boże Ciało,2087-06-19
Wniebowzięcie NMP,2087-08-15
Dzień Wszystkich Świętych,2087-11-01
Narodowe Święto Niepodległości,2087-11-11
Wigilia Bożego Narodzenia,2087-12-24
Boże Narodzenie – pierwszy dzień świąt,2087-12-25
Boże Narodzenie – drugi dzień świąt,2087-12-26
Nowy Rok,2088-01-01
Trzech Króli,2088-01-06
Wielkanoc – 1 dzień świąt Wielkanocnych,2088-04-11
Lany Poniedziałek – 2 dzień świąt Wielkanocnych,2088-04-12
1 Maja – Święto Pracy,2088-05-01
Święto Konstytucji 3 Maja,2088-05-03
Zesłanie Ducha Świętego,2088-05-30
Boże Ciało,2088-06-10
Wniebowzięcie NMP,2088-08-15
Dzień Wszystkich Świętych,2088-11-01
Narodowe Święto Niepodległości,2088-11-11
Wigilia Bożego Narodzenia,2088-12-24
Boże Narodzenie – pierwszy dzień świąt,2088-12-25
Boże Narodzenie – drugi dzień świąt,2088-12-26
Nowy Rok,2089-01-01
Trzech Króli,2089-01-06
Wielkanoc – 1 dzień świąt Wielkanocnych,2089-04-03
Lany Poniedziałek – 2 dzień świąt Wielkanocnych,2089-04-04
1 Maja – Święto Pracy,2089-05-01
Święto Konstytucji 3 Maja,2089-05-03
Zesłanie Ducha Świętego,2089-05-22
Boże Ciało,2089-06-02
Wniebowzięcie NMP,2089-08-15
Dzień Wszystkich Świętych,2089-11-01
Narodowe Święto Niepodległości,2089-11-11
Wigilia Bożego Narodzenia,2089-12-24
Boże Narodzenie – pierwszy dzień świąt,2089-12-25
Boże Narodzenie – drugi dzień świąt,2089-12-26
Nowy Rok,2090-01-01
Trzech Króli,2090-01-06
Wielkanoc – 1 dzień świąt Wielkanocnych,2090-04-16
Lany Poniedziałek – 2 dzień świąt Wielkanocnych,2090-04-17
1 Maja – Święto Pracy,2090-05-01
Święto Konstytucji 3 Maja,2090-05-03
Zesłanie Ducha Świętego,2090-06-04
Boże Ciało,2090-06-15
Wniebowzięcie NMP,2090-08-15
Dzień Wszystkich Świętych,2090-11-01
Narodowe Święto Niepodległości,2090-11-11
Wigilia Bożego Narodzenia,2090-12-24
Boże Narodzenie – pierwszy dzień świąt,2090-12-25
Boże Narodzenie – drugi dzień świąt,2090-12-26
Nowy Rok,2091-01-01
Trzech Króli,2091-01-06
Wielkanoc – 1 dzień świąt Wielkanocnych,2091-04-08
Lany Poniedziałek – 2 dzień świąt Wielkanocnych,2091-04-09
1 Maja – Święto Pracy,2091-05-01
Święto Konstytucji 3 Maja,2091-05-03
Zesłanie Ducha Świętego,2091-05-27
Boże Ciało,2091-06-07
Wniebowzięcie NMP,2091-08-15
Dzień Wszystkich Świętych,2091-11-01
Narodowe Święto Niepodległości,2091-11-11
Wigilia Bożego Narodzenia,2091-12-24
Boże Narodzenie – pierwszy dzień świąt,2091-12-25
Boże Narodzenie – drugi dzień świąt,2091-12-26
Nowy Rok,2092-01-01
Trzech Króli,2092-01-06
Wielkanoc – 1 dzień świąt Wielkanocnych,2092-03-30
Lany Poniedziałek – 2 dzień świąt Wielkanocnych,2092-03-31
1 Maja – Święto Pracy,2092-05-01
Święto Konstytucji 3 Maja,2092-05-03
Zesłanie Ducha Świętego,2092-05-18
Boże Ciało,2092-05-29
Wniebowzięcie NMP,2092-08-15
Dzień Wszystkich Świętych,2092-11-01
Narodowe Święto Niepodległości,2092-11-11
Wigilia Bożego Narodzenia,2092-12-24
Boże Narodzenie – pierwszy dzień świąt,2092-12-25
Boże Narodzenie – drugi dzień świąt,2092-12-26
Nowy Rok,2093-01-01
Trzech Króli,2093-01-06
Wielkanoc – 1 dzień świąt Wielkanocnych,2093-04-12
Lany Poniedziałek – 2 dzień świąt Wielkanocnych,2093-04-13
1 Maja – Święto Pracy,2093-05-01
Święto Konstytucji 3 Maja,2093-05-03
Zesłanie Ducha Świętego,2093-05-31
Boże Ciało,2093-06-11
Wniebowzięcie NMP,2093-08-15
Dzień Wszystkich Świętych,2093-11-01
Narodowe Święto Niepodległości,2093-11-11
Wigilia Bożego Narodzenia,2093-12-24
Boże Narodzenie – pierwszy dzień świąt,2093-12-25
Boże Narodzenie – drugi dzień świąt,2093-12-26
Nowy Rok,2094-01-01
Trzech Króli,2094-01-06
Wielkanoc – 1 dzień świąt Wielkanocnych,2094-04-04
Lany Poniedziałek – 2 dzień świąt Wielkanocnych,2094-04-05
1 Maja – Święto Pracy,2094-05-01
Święto Konstytucji 3 Maja,2094-05-03
Zesłanie Ducha Świętego,2094-05-23
Boże Ciało,2094-06-03
Wniebowzięcie NMP,2094-08-15
Dzień Wszystkich Świętych,2094-11-01
Narodowe Święto Niepodległości,2094-11-11
Wigilia Bożego Narodzenia,2094-12-24
Boże Narodzenie – pierwszy dzień świąt,2094-12-25
Boże Narodzenie – drugi dzień świąt,2094-12-26
Nowy Rok,2095-01-01
Trzech Króli,2095-01-06
Wielkanoc – 1 dzień świąt Wielkanocnych,2095-04-24
Lany Poniedziałek – 2 dzień świąt Wielkanocnych,2095-04-25
1 Maja – Święto Pracy,2095-05-01
Święto Konstytucji 3 Maja,2095-05-03
Zesłanie Ducha Świętego,2095-06-12
Boże Ciało,2095-06-23
Wniebowzięcie NMP,2095-08-15
Dzień Wszystkich Świętych,2095-11-01
Narodowe Święto Niepodległości,2095-11-11
Wigilia Bożego Narodzenia,2095-12-24
Boże Narodzenie – pierwszy dzień świąt,2095-12-25
Boże Narodzenie – drugi dzień świąt,2095-12-26
Nowy Rok,2096-01-01
Trzech Króli,2096-01-06
Wielkanoc – 1 dzień świąt Wielkanocnych,2096-04-15
Lany Poniedziałek – 2 dzień świąt Wielkanocnych,2096-04-16
1 Maja – Święto Pracy,2096-05-01
Święto Konstytucji 3 Maja,2096-05-03
Zesłanie Ducha Świętego,2096-06-03
Boże Ciało,2096-06-14
Wniebowzięcie NMP,2096-08-15
Dzień Wszystkich Świętych,2096-11-01
Narodowe Święto Niepodległości,2096-11-11
Wigilia Bożego Narodzenia,2096-12-24
Boże Narodzenie – pierwszy dzień świąt,2096-12-25
Boże Narodzenie – drugi dzień świąt,2096-12-26
Nowy Rok,2097-01-01
Trzech Króli,2097-01-06
Wielkanoc – 1 dzień świąt Wielkanocnych,2097-03-31
Lany Poniedziałek – 2 dzień świąt Wielkanocnych,2097-04-01
1 Maja – Święto Pracy,2097-05-01
Święto Konstytucji 3 Maja,2097-05-03
Zesłanie Ducha Świętego,2097-05-19
Boże Ciało,2097-05-30
Wniebowzięcie NMP,2097-08-15
Dzień Wszystkich Świętych,2097-11-01
Narodowe Święto Niepodległości,2097-11-11
Wigilia Bożego Narodzenia,2097-12-24
Boże Narodzenie – pierwszy dzień świąt,2097-12-25
Boże Narodzenie – drugi dzień świąt,2097-12-26
Nowy Rok,2098-01-01
Trzech Króli,2098-01-06
Wielkanoc – 1 dzień świąt Wielkanocnych,2098-04-20
Lany Poniedziałek – 2 dzień świąt Wielkanocnych,2098-04-21
1 Maja – Święto Pracy,2098-05-01
Święto Konstytucji 3 Maja,2098-05-03
Zesłanie Ducha Świętego,2098-06-08
Boże Ciało,2098-06-19
Wniebowzięcie NMP,2098-08-15
Dzień Wszystkich Świętych,2098-11-01
Narodowe Święto Niepodległości,2098-11-11
Wigilia Bożego Narodzenia,2098-12-24
Boże Narodzenie – pierwszy dzień świąt,2098-12-25
Boże Narodzenie – drugi dzień świąt,2098-12-26
Nowy Rok,2099-01-01
Trzech Króli,2099-01-06
Wielkanoc – 1 dzień świąt Wielkanocnych,2099-04-12
Lany Poniedziałek – 2 dzień świąt Wielkanocnych,2099-04-13
1 Maja – Święto Pracy,2099-05-01
Święto Konstytucji 3 Maja,2099-05-03
Zesłanie Ducha Świętego,2099-05-31
Boże Ciało,2099-06-11
Wniebowzięcie NMP,2099-08-15
Dzień Wszystkich Świętych,2099-11-01
Narodowe Święto Niepodległości,2099-11-11
Wigilia Bożego Narodzenia,2099-12-24
Boże Narodzenie – pierwszy dzień świąt,2099-12-25
Boże Narodzenie – drugi dzień świąt,2099-12-26
Nowy Rok,2100-01-01
Trzech Króli,2100-01-06
Wielkanoc – 1 dzień świąt Wielkanocnych,2100-03-28
Lany Poniedziałek – 2 dzień świąt Wielkanocnych,2100-03-29
1 Maja – Święto Pracy,2100-05-01
Święto Konstytucji 3 Maja,2100-05-03
Zesłanie Ducha Świętego,2100-05-16
Boże Ciało,2100-05-27
Wniebowzięcie NMP,2100-08-15
Dzień Wszystkich Świętych,2100-11-01
Narodowe Święto Niepodległości,2100-11-11
Wigilia Bożego Narodzenia,2100-12-24
Boże Narodzenie – pierwszy dzień świąt,2100-12-25
Boże Narodzenie – drugi dzień świąt,2100-12-26
Nowy Rok,2101-01-01
Trzech Króli,2101-01-06
Wielkanoc – 1 dzień świąt Wielkanocnych,2101-04-17
Lany Poniedziałek – 2 dzień świąt Wielkanocnych,2101-04-18
1 Maja – Święto Pracy,2101-05-01
Święto Konstytucji 3 Maja,2101-05-03
Zesłanie Ducha Świętego,2101-06-05
Boże Ciało,2101-06-16
Wniebowzięcie NMP,2101-08-15
Dzień Wszystkich Świętych,2101-11-01
Narodowe Święto Niepodległości,2101-11-11
Wigilia Bożego Narodzenia,2101-12-24
Boże Narodzenie – pierwszy dzień świąt,2101-12-25
Boże Narodzenie – drugi dzień świąt,2101-12-26
Nowy Rok,2102-01-01
Trzech Króli,2102-01-06
Wielkanoc – 1 dzień świąt Wielkanocnych,2102-04-09
Lany Poniedziałek – 2 dzień świąt Wielkanocnych,2102-04-10
1 Maja – Święto Pracy,2102-05-01
Święto Konstytucji 3 Maja,2102-05-03
Zesłanie Ducha Świętego,2102-05-28
Boże Ciało,2102-06-08
Wniebowzięcie NMP,2102-08-15
Dzień Wszystkich Świętych,2102-11-01
Narodowe Święto Niepodległości,2102-11-11
Wigilia Bożego Narodzenia,2102-12-24
Boże Narodzenie – pierwszy dzień świąt,2102-12-25
Boże Narodzenie – drugi dzień świąt,2102-12-26
Nowy Rok,2103-01-01
Trzech Króli,2103-01-06
Wielkanoc – 1 dzień świąt Wielkanocnych,2103-03-25
Lany Poniedziałek – 2 dzień świąt Wielkanocnych,2103-03-26
1 Maja – Święto Pracy,2103-05-01
Święto Konstytucji 3 Maja,2103-05-03
Zesłanie Ducha Świętego,2103-05-13
Boże Ciało,2103-05-24
Wniebowzięcie NMP,2103-08-15
Dzień Wszystkich Świętych,2103-11-01
Narodowe Święto Niepodległości,2103-11-11
Wigilia Bożego Narodzenia,2103-12-24
Boże Narodzenie – pierwszy dzień świąt,2103-12-25
Boże Narodzenie – drugi dzień świąt,2103-12-26
Nowy Rok,2104-01-01
Trzech Króli,2104-01-06
Wielkanoc – 1 dzień świąt Wielkanocnych,2104-04-13
Lany Poniedziałek – 2 dzień świąt Wielkanocnych,2104-04-14
1 Maja – Święto Pracy,2104-05-01
Święto Konstytucji 3 Maja,2104-05-03
Zesłanie Ducha Świętego,2104-06-01
Boże Ciało,2104-06-12
Wniebowzięcie NMP,2104-08-15
Dzień Wszystkich Świętych,2104-11-01
Narodowe Święto Niepodległości,2104-11-11
Wigilia Bożego Narodzenia,2104-12-24
Boże Narodzenie – pierwszy dzień świąt,2104-12-25
Boże Narodzenie – drugi dzień świąt,2104-12-26
Nowy Rok,2105-01-01
Trzech Króli,2105-01-06
Wielkanoc – 1 dzień świąt Wielkanocnych,2105-04-05
Lany Poniedziałek – 2 dzień świąt Wielkanocnych,2105-04-06
1 Maja – Święto Pracy,2105-05-01
Święto Konstytucji 3 Maja,2105-05-03
Zesłanie Ducha Świętego,2105-05-24
Boże Ciało,2105-06-04
Wniebowzięcie NMP,2105-08-15
Dzień Wszystkich Świętych,2105-11-01
Narodowe Święto Niepodległości,2105-11-11
Wigilia Bożego Narodzenia,2105-12-24
Boże Narodzenie – pierwszy dzień świąt,2105-12-25
Boże Narodzenie – drugi dzień świąt,2105-12-26
Nowy Rok,2106-01-01
Trzech Króli,2106-01-06
Wielkanoc – 1 dzień świąt Wielkanocnych,2106-04-18
Lany Poniedziałek – 2 dzień świąt Wielkanocnych,2106-04-19
1 Maja – Święto Pracy,2106-05-01
Święto Konstytucji 3 Maja,2106-05-03
Zesłanie Ducha Świętego,2106-06-06
Boże Ciało,2106-06-17
Wniebowzięcie NMP,2106-08-15
Dzień Wszystkich Świętych,2106-11-01
Narodowe Święto Niepodległości,2106-11-11
Wigilia Bożego Narodzenia,2106-12-24
Boże Narodzenie – pierwszy dzień świąt,2106-12-25
Boże Narodzenie – drugi dzień świąt,2106-12-26
Nowy Rok,2107-01-01
Trzech Króli,2107-01-06
Wielkanoc – 1 dzień świąt Wielkanocnych,2107-04-10
Lany Poniedziałek – 2 dzień świąt Wielkanocnych,2107-04-11
1 Maja – Święto Pracy,2107-05-01
Święto Konstytucji 3 Maja,2107-05-03
Zesłanie Ducha Świętego,2107-05-29
Boże Ciało,2107-06-09
Wniebowzięcie NMP,2107-08-15
Dzień Wszystkich Świętych,2107-11-01
Narodowe Święto Niepodległości,2107-11-11
Wigilia Bożego Narodzenia,2107-12-24
Boże Narodzenie – pierwszy dzień świąt,2107-12-25
Boże Narodzenie – drugi dzień świąt,2107-12-26
Nowy Rok,2108-01-01
Trzech Króli,2108-01-06
Wielkanoc – 1 dzień świąt Wielkanocnych,2108-04-01
Lany Poniedziałek – 2 dzień świąt Wielkanocnych,2108-04-02
1 Maja – Święto Pracy,2108-05-01
Święto Konstytucji 3 Maja,2108-05-03
Zesłanie Ducha Świętego,2108-05-20
Boże Ciało,2108-05-31
Wniebowzięcie NMP,2108-08-15
Dzień Wszystkich Świętych,2108-11-01
Narodowe Święto Niepodległości,2108-11-11
Wigilia Bożego Narodzenia,2108-12-24
Boże Narodzenie – pierwszy dzień świąt,2108-12-25
Boże Narodzenie – drugi dzień świąt,2108-12-26
Nowy Rok,2109-01-01
Trzech Króli,2109-01-06
Wielkanoc – 1 dzień świąt Wielkanocnych,2109-04-21
Lany Poniedziałek – 2 dzień świąt Wielkanocnych,2109-04-22
1 Maja – Święto Pracy,2109-05-01
Święto Konstytucji 3 Maja,2109-05-03
Zesłanie Ducha Świętego,2109-06-09
Boże Ciało,2109-06-20
Wniebowzięcie NMP,2109-08-15
Dzień Wszystkich Świętych,2109-11-01
Narodowe Święto Niepodległości,2109-11-11
Wigilia Bożego Narodzenia,2109-12-24
Boże Narodzenie – pierwszy dzień świąt,2109-12-25
Boże Narodzenie – drugi dzień świąt,2109-12-26
Nowy Rok,2110-01-01
Trzech Króli,2110-01-06
Wielkanoc – 1 dzień świąt Wielkanocnych,2110-04-06
Lany Poniedziałek – 2 dzień świąt Wielkanocnych,2110-04-07
1 Maja – Święto Pracy,2110-05-01
Święto Konstytucji 3 Maja,2110-05-03
Zesłanie Ducha Świętego,2110-05-25
Boże Ciało,2110-06-05
Wniebowzięcie NMP,2110-08-15
Dzień Wszystkich Świętych,2110-11-01
Narodowe Święto Niepodległości,2110-11-11
Wigilia Bożego Narodzenia,2110-12-24
Boże Narodzenie – pierwszy dzień świąt,2110-12-25
Boże Narodzenie – drugi dzień świąt,2110-12-26
Nowy Rok,2111-01-01
Trzech Króli,2111-01-06
Wielkanoc – 1 dzień świąt Wielkanocnych,2111-03-29
Lany Poniedziałek – 2 dzień świąt Wielkanocnych,2111-03-30
1 Maja – Święto Pracy,2111-05-01
Święto Konstytucji 3 Maja,2111-05-03
Zesłanie Ducha Świętego,2111-05-17
Boże Ciało,2111-05-28
Wniebowzięcie NMP,2111-08-15
Dzień Wszystkich Świętych,2111-11-01
Narodowe Święto Niepodległości,2111-11-11
Wigilia Bożego Narodzenia,2111-12-24
Boże Narodzenie – pierwszy dzień świąt,2111-12-25
Boże Narodzenie – drugi dzień świąt,2111-12-26
Nowy Rok,2112-01-01
Trzech Króli,2112-01-06
Wielkanoc – 1 dzień świąt Wielkanocnych,2112-04-17
Lany Poniedziałek – 2 dzień świąt Wielkanocnych,2112-04-18
1 Maja – Święto Pracy,2112-05-01
Święto Konstytucji 3 Maja,2112-05-03
Zesłanie Ducha Świętego,2112-06-05
Boże Ciało,2112-06-16
Wniebowzięcie NMP,2112-08-15
Dzień Wszystkich Świętych,2112-11-01
Narodowe Święto Niepodległości,2112-11-11
Wigilia Bożego Narodzenia,2112-12-24
Boże Narodzenie – pierwszy dzień świąt,2112-12-25
Boże Narodzenie – drugi dzień świąt,2112-12-26
Nowy Rok,2113-01-01
Trzech Króli,2113-01-06
Wielkanoc – 1 dzień świąt Wielkanocnych,2113-04-02
Lany Poniedziałek – 2 dzień świąt Wielkanocnych,2113-04-03
1 Maja – Święto Pracy,2113-05-01
Święto Konstytucji 3 Maja,2113-05-03
Zesłanie Ducha Świętego,2113-05-21
Boże Ciało,2113-06-01
Wniebowzięcie NMP,2113-08-15
Dzień Wszystkich Świętych,2113-11-01
Narodowe Święto Niepodległości,2113-11-11
Wigilia Bożego Narodzenia,2113-12-24
Boże Narodzenie – pierwszy dzień świąt,2113-12-25
Boże Narodzenie – drugi dzień świąt,2113-12-26
Nowy Rok,2114-01-01
Trzech Króli,2114-01-06
Wielkanoc – 1 dzień świąt Wielkanocnych,2114-04-22
Lany Poniedziałek – 2 dzień świąt Wielkanocnych,2114-04-23
1 Maja – Święto Pracy,2114-05-01
Święto Konstytucji 3 Maja,2114-05-03
Zesłanie Ducha Świętego,2114-06-10
Boże Ciało,2114-06-21
Wniebowzięcie NMP,2114-08-15
Dzień Wszystkich Świętych,2114-11-01
Narodowe Święto Niepodległości,2114-11-11
Wigilia Bożego Narodzenia,2114-12-24
Boże Narodzenie – pierwszy dzień świąt,2114-12-25
Boże Narodzenie – drugi dzień świąt,2114-12-26
Nowy Rok,2115-01-01
Trzech Króli,2115-01-06
Wielkanoc – 1 dzień świąt Wielkanocnych,2115-04-14
Lany Poniedziałek – 2 dzień świąt Wielkanocnych,2115-04-15
1 Maja – Święto Pracy,2115-05-01
Święto Konstytucji 3 Maja,2115-05-03
Zesłanie Ducha Świętego,2115-06-02
Boże Ciało,2115-06-13
Wniebowzięcie NMP,2115-08-15
Dzień Wszystkich Świętych,2115-11-01
Narodowe Święto Niepodległości,2115-11-11
Wigilia Bożego Narodzenia,2115-12-24
Boże Narodzenie – pierwszy dzień świąt,2115-12-25
Boże Narodzenie – drugi dzień świąt,2115-12-26
Nowy Rok,2116-01-01
Trzech Króli,2116-01-06
Wielkanoc – 1 dzień świąt Wielkanocnych,2116-03-29
Lany Poniedziałek – 2 dzień świąt Wielkanocnych,2116-03-30
1 Maja – Święto Pracy,2116-05-01
Święto Konstytucji 3 Maja,2116-05-03
Zesłanie Ducha Świętego,2116-05-17
Boże Ciało,2116-05-28
Wniebowzięcie NMP,2116-08-15
Dzień Wszystkich Świętych,2116-11-01
Narodowe Święto Niepodległości,2116-11-11
Wigilia Bożego Narodzenia,2116-12-24
Boże Narodzenie – pierwszy dzień świąt,2116-12-25
Boże Narodzenie – drugi dzień świąt,2116-12-26
Nowy Rok,2117-01-01
Trzech Króli,2117-01-06
Wielkanoc – 1 dzień świąt Wielkanocnych,2117-04-18
Lany Poniedziałek – 2 dzień świąt Wielkanocnych,2117-04-19
1 Maja – Święto Pracy,2117-05-01
Święto Konstytucji 3 Maja,2117-05-03
Zesłanie Ducha Świętego,2117-06-06
Boże Ciało,2117-06-17
Wniebowzięcie NMP,2117-08-15
Dzień Wszystkich Świętych,2117-11-01
Narodowe Święto Niepodległości,2117-11-11
Wigilia Bożego Narodzenia,2117-12-24
Boże Narodzenie – pierwszy dzień świąt,2117-12-25
Boże Narodzenie – drugi dzień świąt,2117-12-26
Nowy Rok,2118-01-01
Trzech Króli,2118-01-06
Wielkanoc – 1 dzień świąt Wielkanocnych,2118-04-10
Lany Poniedziałek – 2 dzień świąt Wielkanocnych,2118-04-11
1 Maja – Święto Pracy,2118-05-01
Święto Konstytucji 3 Maja,2118-05-03
Zesłanie Ducha Świętego,2118-05-29
Boże Ciało,2118-06-09
Wniebowzięcie NMP,2118-08-15
Dzień Wszystkich Świętych,2118-11-01
Narodowe Święto Niepodległości,2118-11-11
Wigilia Bożego Narodzenia,2118-12-24
Boże Narodzenie – pierwszy dzień świąt,2118-12-25
Boże Narodzenie – drugi dzień świąt,2118-12-26
Nowy Rok,2119-01-01
Trzech Króli,2119-01-06
Wielkanoc – 1 dzień świąt Wielkanocnych,2119-03-26
Lany Poniedziałek – 2 dzień świąt Wielkanocnych,2119-03-27
1 Maja – Święto Pracy,2119-05-01
Święto Konstytucji 3 Maja,2119-05-03
Zesłanie Ducha Świętego,2119-05-14
Boże Ciało,2119-05-25
Wniebowzięcie NMP,2119-08-15
Dzień Wszystkich Świętych,2119-11-01
Narodowe Święto Niepodległości,2119-11-11
Wigilia Bożego Narodzenia,2119-12-24
Boże Narodzenie – pierwszy dzień świąt,2119-12-25
Boże Narodzenie – drugi dzień świąt,2119-12-26
Nowy Rok,2120-01-01
Trzech Króli,2120-01-06
Wielkanoc – 1 dzień świąt Wielkanocnych,2120-04-14
Lany Poniedziałek – 2 dzień świąt Wielkanocnych,2120-04-15
1 Maja – Święto Pracy,2120-05-01
Święto Konstytucji 3 Maja,2120-05-03
Zesłanie Ducha Świętego,2120-06-02
Boże Ciało,2120-06-13
Wniebowzięcie NMP,2120-08-15
Dzień Wszystkich Świętych,2120-11-01
Narodowe Święto Niepodległości,2120-11-11
Wigilia Bożego Narodzenia,2120-12-24
Boże Narodzenie – pierwszy dzień świąt,2120-12-25
Boże Narodzenie – drugi dzień świąt,2120-12-26
Nowy Rok,2121-01-01
Trzech Króli,2121-01-06
Wielkanoc – 1 dzień świąt Wielkanocnych,2121-04-06
Lany Poniedziałek – 2 dzień świąt Wielkanocnych,2121-04-07
1 Maja – Święto Pracy,2121-05-01
Święto Konstytucji 3 Maja,2121-05-03
Zesłanie Ducha Świętego,2121-05-25
Boże Ciało,2121-06-05
Wniebowzięcie NMP,2121-08-15
Dzień Wszystkich Świętych,2121-11-01
Narodowe Święto Niepodległości,2121-11-11
Wigilia Bożego Narodzenia,2121-12-24
Boże Narodzenie – pierwszy dzień świąt,2121-12-25
Boże Narodzenie – drugi dzień świąt,2121-12-26
Nowy Rok,2122-01-01
Trzech Króli,2122-01-06
Wielkanoc – 1 dzień świąt Wielkanocnych,2122-03-29
Lany Poniedziałek – 2 dzień świąt Wielkanocnych,2122-03-30
1 Maja – Święto Pracy,2122-05-01
Święto Konstytucji 3 Maja,2122-05-03
Zesłanie Ducha Świętego,2122-05-17
Boże Ciało,2122-05-28
Wniebowzięcie NMP,2122-08-15
Dzień Wszystkich Świętych,2122-11-01
Narodowe Święto Niepodległości,2122-11-11
Wigilia Bożego Narodzenia,2122-12-24
Boże Narodzenie – pierwszy dzień świąt,2122-12-25
Boże Narodzenie – drugi dzień świąt,2122-12-26
Nowy Rok,2123-01-01
Trzech Króli,2123-01-06
Wielkanoc – 1 dzień świąt Wielkanocnych,2123-04-11
Lany Poniedziałek – 2 dzień świąt Wielkanocnych,2123-04-12
1 Maja – Święto Pracy,2123-05-01
Święto Konstytucji 3 Maja,2123-05-03
Zesłanie Ducha Świętego,2123-05-30
Boże Ciało,2123-06-10
Wniebowzięcie NMP,2123-08-15
Dzień Wszystkich Świętych,2123-11-01
Narodowe Święto Niepodległości,2123-11-11
Wigilia Bożego Narodzenia,2123-12-24
Boże Narodzenie – pierwszy dzień świąt,2123-12-25
Boże Narodzenie – drugi dzień świąt,2123-12-26
Nowy Rok,2124-01-01
Trzech Króli,2124-01-06
Wielkanoc – 1 dzień świąt Wielkanocnych,2124-04-02
Lany Poniedziałek – 2 dzień świąt Wielkanocnych,2124-04-03
1 Maja – Święto Pracy,2124-05-01
Święto Konstytucji 3 Maja,2124-05-03
Zesłanie Ducha Świętego,2124-05-21
Boże Ciało,2124-06-01
Wniebowzięcie NMP,2124-08-15
Dzień Wszystkich Świętych,2124-11-01
Narodowe Święto Niepodległości,2124-11-11
Wigilia Bożego Narodzenia,2124-12-24
Boże Narodzenie – pierwszy dzień świąt,2124-12-25
Boże Narodzenie – drugi dzień świąt,2124-12-26
Nowy Rok,2125-01-01
Trzech Króli,2125-01-06
Wielkanoc – 1 dzień świąt Wielkanocnych,2125-04-22
Lany Poniedziałek – 2 dzień świąt Wielkanocnych,2125-04-23
1 Maja – Święto Pracy,2125-05-01
Święto Konstytucji 3 Maja,2125-05-03
Zesłanie Ducha Świętego,2125-06-10
Boże Ciało,2125-06-21
Wniebowzięcie NMP,2125-08-15
Dzień Wszystkich Świętych,2125-11-01
Narodowe Święto Niepodległości,2125-11-11
Wigilia Bożego Narodzenia,2125-12-24
Boże Narodzenie – pierwszy dzień świąt,2125-12-25
Boże Narodzenie – drugi dzień świąt,2125-12-26
Nowy Rok,2126-01-01
Trzech Króli,2126-01-06
Wielkanoc – 1 dzień świąt Wielkanocnych,2126-04-14
Lany Poniedziałek – 2 dzień świąt Wielkanocnych,2126-04-15
1 Maja – Święto Pracy,2126-05-01
Święto Konstytucji 3 Maja,2126-05-03
Zesłanie Ducha Świętego,2126-06-02
Boże Ciało,2126-06-13
Wniebowzięcie NMP,2126-08-15
Dzień Wszystkich Świętych,2126-11-01
Narodowe Święto Niepodległości,2126-11-11
Wigilia Bożego Narodzenia,2126-12-24
Boże Narodzenie – pierwszy dzień świąt,2126-12-25
Boże Narodzenie – drugi dzień świąt,2126-12-26
